{"document":{"name":"Diario HECHOS octubre En blanco con rectangulo etiquetado","rulerOrigin":"PAGE_ORIGIN","units":"points","created":"Tue Nov 04 2025 15:55:23 GMT-0300"},"pages":[{"page_index":1,"page_name":"1","side":"RIGHT_HAND","page_size":{"width_pt":807.874015748032,"height_pt":1048.8188976378,"width_mm":285,"height_mm":370},"margins":{"top_pt":42.5196850393701,"left_pt":35.4330708661417,"bottom_pt":42.5196850393701,"right_pt":35.4330708661417,"top_mm":15,"left_mm":12.5,"bottom_mm":15,"right_mm":12.5},"columns":{"count":5,"gutter_pt":12.0472440944882,"gutter_mm":4.25,"col_width_pt":137.763779527559,"col_width_mm":48.6},"slots":[]},{"page_index":2,"page_name":"2","side":"RIGHT_HAND","page_size":{"width_pt":807.874015748032,"height_pt":1048.8188976378,"width_mm":285,"height_mm":370},"margins":{"top_pt":42.5196850393701,"left_pt":35.4330708661417,"bottom_pt":42.5196850393701,"right_pt":35.4330708661417,"top_mm":15,"left_mm":12.5,"bottom_mm":15,"right_mm":12.5},"columns":{"count":5,"gutter_pt":12.0472440944882,"gutter_mm":4.25,"col_width_pt":137.763779527559,"col_width_mm":48.6},"slots":[{"type":"TextFrame","label":"ESPACIO_NOTAS","top_pt":290.206229620146,"left_pt":35.9330708661417,"bottom_pt":723.043307086614,"right_pt":771.94094488189,"width_pt":736.007874015748,"height_pt":432.837077466468,"top_mm":102.378308782663,"left_mm":12.6763888888889,"bottom_mm":255.073611111111,"right_mm":272.323611111111,"width_mm":259.647222222222,"height_mm":152.695302328448}]},{"page_index":3,"page_name":"3","side":"RIGHT_HAND","page_size":{"width_pt":807.874015748032,"height_pt":1048.8188976378,"width_mm":285,"height_mm":370},"margins":{"top_pt":42.5196850393701,"left_pt":35.4330708661417,"bottom_pt":42.5196850393701,"right_pt":35.4330708661417,"top_mm":15,"left_mm":12.5,"bottom_mm":15,"right_mm":12.5},"columns":{"count":5,"gutter_pt":12.0472440944882,"gutter_mm":4.25,"col_width_pt":137.763779527559,"col_width_mm":48.6},"slots":[{"type":"TextFrame","label":"ESPACIO_NOTAS\r\n","top_pt":43.0196850393701,"left_pt":35.9330708661417,"bottom_pt":1005.79921259843,"right_pt":622.129921259843,"width_pt":586.196850393701,"height_pt":962.779527559055,"top_mm":15.1763888888889,"left_mm":12.6763888888889,"bottom_mm":354.823611111111,"right_mm":219.473611111111,"width_mm":206.797222222222,"height_mm":339.647222222222}]},{"page_index":4,"page_name":"4","side":"RIGHT_HAND","page_size":{"width_pt":807.874015748032,"height_pt":1048.8188976378,"width_mm":285,"height_mm":370},"margins":{"top_pt":42.5196850393701,"left_pt":35.4330708661417,"bottom_pt":42.5196850393701,"right_pt":35.4330708661417,"top_mm":15,"left_mm":12.5,"bottom_mm":15,"right_mm":12.5},"columns":{"count":5,"gutter_pt":12.0472440944882,"gutter_mm":4.25,"col_width_pt":137.763779527559,"col_width_mm":48.6},"slots":[]},{"page_index":5,"page_name":"5","side":"RIGHT_HAND","page_size":{"width_pt":807.874015748032,"height_pt":1048.8188976378,"width_mm":285,"height_mm":370},"margins":{"top_pt":42.5196850393701,"left_pt":35.4330708661417,"bottom_pt":42.5196850393701,"right_pt":35.4330708661417,"top_mm":15,"left_mm":12.5,"bottom_mm":15,"right_mm":12.5},"columns":{"count":5,"gutter_pt":12.0472440944882,"gutter_mm":4.25,"col_width_pt":137.763779527559,"col_width_mm":48.6},"slots":[{"type":"Rectangle","label":"ESPACIO_NOTAS","top_pt":268.983509661887,"left_pt":35.9330708661417,"bottom_pt":1005.79921259843,"right_pt":771.94094488189,"width_pt":736.007874015748,"height_pt":736.815702936538,"top_mm":94.891404797388,"left_mm":12.6763888888889,"bottom_mm":354.823611111111,"right_mm":272.323611111111,"width_mm":259.647222222222,"height_mm":259.932206313723}]},{"page_index":6,"page_name":"6","side":"RIGHT_HAND","page_size":{"width_pt":807.874015748032,"height_pt":1048.8188976378,"width_mm":285,"height_mm":370},"margins":{"top_pt":42.5196850393701,"left_pt":35.4330708661417,"bottom_pt":42.5196850393701,"right_pt":35.4330708661417,"top_mm":15,"left_mm":12.5,"bottom_mm":15,"right_mm":12.5},"columns":{"count":5,"gutter_pt":12.0472440944882,"gutter_mm":4.25,"col_width_pt":137.763779527559,"col_width_mm":48.6},"slots":[{"type":"Rectangle","label":"ESPACIO_NOTAS","top_pt":266.397657425024,"left_pt":35.404724409449,"bottom_pt":1005.79921259842,"right_pt":771.47567163646,"width_pt":736.070947227011,"height_pt":739.401555173401,"top_mm":93.9791735916056,"left_mm":12.4900000000001,"bottom_mm":354.823611111111,"right_mm":272.159473049529,"width_mm":259.669473049529,"height_mm":260.844437519505}]},{"page_index":7,"page_name":"7","side":"RIGHT_HAND","page_size":{"width_pt":807.874015748032,"height_pt":1048.8188976378,"width_mm":285,"height_mm":370},"margins":{"top_pt":42.5196850393701,"left_pt":35.4330708661417,"bottom_pt":42.5196850393701,"right_pt":35.4330708661417,"top_mm":15,"left_mm":12.5,"bottom_mm":15,"right_mm":12.5},"columns":{"count":5,"gutter_pt":12.0472440944882,"gutter_mm":4.25,"col_width_pt":137.763779527559,"col_width_mm":48.6},"slots":[{"type":"TextFrame","label":"ESPACIO_NOTAS","top_pt":315.145669291339,"left_pt":35.9330708661417,"bottom_pt":1005.79921259842,"right_pt":771.94094488189,"width_pt":736.007874015748,"height_pt":690.653543307085,"top_mm":111.176388888889,"left_mm":12.6763888888889,"bottom_mm":354.823611111111,"right_mm":272.323611111111,"width_mm":259.647222222222,"height_mm":243.647222222222}]},{"page_index":8,"page_name":"8","side":"RIGHT_HAND","page_size":{"width_pt":807.874015748032,"height_pt":1048.8188976378,"width_mm":285,"height_mm":370},"margins":{"top_pt":42.5196850393701,"left_pt":35.4330708661417,"bottom_pt":42.5196850393701,"right_pt":35.4330708661417,"top_mm":15,"left_mm":12.5,"bottom_mm":15,"right_mm":12.5},"columns":{"count":5,"gutter_pt":12.0472440944882,"gutter_mm":4.25,"col_width_pt":137.763779527559,"col_width_mm":48.6},"slots":[{"type":"Rectangle","label":"ESPACIO_NOTAS","top_pt":288.614954794451,"left_pt":35.9330708661419,"bottom_pt":792.694317513734,"right_pt":771.94094488189,"width_pt":736.007874015748,"height_pt":504.079362719283,"top_mm":101.81694238582,"left_mm":12.6763888888889,"bottom_mm":279.644939789567,"right_mm":272.323611111111,"width_mm":259.647222222222,"height_mm":177.827997403747}]},{"page_index":9,"page_name":"9","side":"RIGHT_HAND","page_size":{"width_pt":807.874015748032,"height_pt":1048.8188976378,"width_mm":285,"height_mm":370},"margins":{"top_pt":42.5196850393701,"left_pt":35.4330708661417,"bottom_pt":42.5196850393701,"right_pt":35.4330708661417,"top_mm":15,"left_mm":12.5,"bottom_mm":15,"right_mm":12.5},"columns":{"count":5,"gutter_pt":12.0472440944882,"gutter_mm":4.25,"col_width_pt":137.763779527559,"col_width_mm":48.6},"slots":[{"type":"Rectangle","label":"ESPACIO_NOTAS","top_pt":273.833476495042,"left_pt":36.3990063050945,"bottom_pt":1005.79921259843,"right_pt":771.94094488189,"width_pt":735.541938576795,"height_pt":731.965736103383,"top_mm":96.6023653190844,"left_mm":12.8407605576306,"bottom_mm":354.823611111111,"right_mm":272.323611111111,"width_mm":259.482850553481,"height_mm":258.221245792027}]},{"page_index":10,"page_name":"10","side":"RIGHT_HAND","page_size":{"width_pt":807.874015748032,"height_pt":1048.8188976378,"width_mm":285,"height_mm":370},"margins":{"top_pt":42.5196850393701,"left_pt":35.4330708661417,"bottom_pt":42.5196850393701,"right_pt":35.4330708661417,"top_mm":15,"left_mm":12.5,"bottom_mm":15,"right_mm":12.5},"columns":{"count":5,"gutter_pt":12.0472440944882,"gutter_mm":4.25,"col_width_pt":137.763779527559,"col_width_mm":48.6},"slots":[{"type":"Rectangle","label":"ESPACIO_NOTAS","top_pt":228.68897637795,"left_pt":35.9330708661417,"bottom_pt":1005.79921259843,"right_pt":771.94094488189,"width_pt":736.007874015748,"height_pt":777.110236220476,"top_mm":80.6763888888879,"left_mm":12.6763888888889,"bottom_mm":354.823611111111,"right_mm":272.323611111111,"width_mm":259.647222222222,"height_mm":274.147222222223}]},{"page_index":11,"page_name":"11","side":"RIGHT_HAND","page_size":{"width_pt":807.874015748032,"height_pt":1048.8188976378,"width_mm":285,